Iowa State University Department Codes,,,,,,,
"August 16, 2019",,,,,,,
,,,,,,,
NUMERIC CODE,ALPHA CODE,DIRECTORY NAME,FULL NAME,ADDRESS,PHONE,RMM RESOURCE UNIT NUMBER,PARENT DEPT NUMBER
30141,4HFDN,4-H FOUNDATION,4-H FOUNDATION,2150 BDSHR,(515) 294-5390,030,
08100,ACCT,ACCOUNTING,ACCOUNTING,2330 GERDIN,(515) 294-8106,008,
08301,ACSCI,ACTUARIAL SCI,ACTUARIAL SCIENCE,,(515) 294-4668,008,
92290,A I C,ACUMEN IND CORP,ACUMEN INDUSTRIES CORPORATION,1613 RSRC PARK,(515) 296-5366,999,
12020,ADCTL,ADMIN CNTRL,ADMINISTRATIVE CONTROL UNIT,,(515) 294-2555,125,
14020,ADM,ADMISSIONS,ADMISSIONS,314 ENRL SC,(515) 294-0815,150,
14050,AD&RC,ADMIS/RECORDS,ADMISSIONS & RECORDS,100 ENRL SC,(515) 294-5836,,14030
14040,ADMHR,ADMIS/RECORD,ADMISSIONS & RECORDS HOURLY PAYROLL,100 ENRL SC,(515) 294-5836,,14030
99290,ADPEQ,ADP EQUIPMENT,ADP EQUIPMENT,GEN SRV BLDG,(515) 294-5600,999,
10501,AD ED,ADULT ED,ADULT EDUCATION,N131 LAGOMAR,(515) 294-3265,,10300
99380,ASINC,ADV SRVICS INC,ADVANCE SERVICES INC,"415 SOUTH DUFF, SUITE C",(515) 233-4333,999,
92100,AAT,ADV ANAL TCH,ADVANCED ANALYTICAL TECHNOLOGIES INC,ISU RSRC PARK,(515) 296-6600,999,
80340,ADVPL,ADV PLACEMENT,ADVANCED PLACEMENT,214 ENRL SC,(515) 294-1840,999,
04344,ADVRT,ADVERTISING,ADVERTISING,101 HAMILTON,(515) 294-4342,,04340
02101,AER,AEROSPACE,AEROSPACE,2271 HOWE,(515) 294-5666,,02100
02100,AER E,AEROSPACE ENG,AEROSPACE ENGINEERING,1200 HOWE HALL,(515) 294-5666,002,
40100,AEMXP,AERO ENG/MCH XP,AEROSPACE ENGR & ENGR MECHANICS EXP ST,304 TOWN ENGR,(515) 294-3776,040,
80300,AF AM,AFR/AFR AMER ST,AFRICAN & AFRICAN AMERICAN STUDIES,208 CARVER,(515) 294-9730,,04700
01030,AGLS,AG & LS ADMIN,AG & LIFE SCI ADMINISTRATION,138 CURTISS,(515) 294-2518,001,
01036,AGADM,AGLS ADMIN,AG & LS ADMINISTRATION-SPECIAL,138 CURTISS,(515) 294-2518,,01030
01034,AG TG,AGLS ADMIN-TCH,AG & LS ADMINISTRATION-TEACHING,134 CURTISS,(515) 294-6614,,01030
01130,A B E,AG/BIOSYS ENG,AGRICULTURAL & BIOSYSTEMS ENGINEERING,1201 SUKUP,(515) 294-1434,001,
01136,ABE A,AG/BIOSYS ENG-A,AGRICULTURAL & BIOSYSTEMS ENGR - AGLS,1201 SUKUP,(515) 294-1434,,01130
02010,ABE,AG/BIOSYS ENG-E,AGRICULTURAL & BIOSYSTEMS ENGR - ENGR,1201 SUKUP,(515) 294-1434,002,
70060,A&BE,AG & BIOSYS ENG,AGRICULTURAL AND BIOSYSTEMS ENGINEERING,,(515) 294-1434,999,
01040,AGEDS,AG EDUCATION/ST,AGRICULTURAL EDUCATION & STUDIES,201 CURTISS,(515) 294-5872,001,
01132,A E,AG ENGINEERING,AGRICULTURAL ENGINEERING,100 DAVIDSON,(515) 294-1434,,01130
01035,F OP,AG STD FARM OP,AGRICULTURAL STUDIES--FARM OPERATION,201 CURTISS,(515) 294-5904,,01030
01131,AST,AG SYSTEMS TCH,AGRICULTURAL SYSTEMS TECHNOLOGY,100 DAVIDSON,(515) 294-1434,,01130
01000,AG GN,AG & LIFE SCI,AGRICULTURE & LIFE SCIENCES GENERAL,138 CURTISS,(515) 294-2518,,01030
01680,AG CS,AG CAREER SRV,AGRICULTURE CAREER SERVICES,141 CURTISS,(515) 294-4725,001,
01400,AGCOM,AG COMMUNICATN,AGRICULTURE COMMUNICATIONS,304 CURTISS,(515) 294-5616,001,
40031,AEXFO,AG EXP STN FISC,AGRICULTURE EXP STATION--FISCAL OFFICE,133 CURTISS,(515) 294-4166,,40030
40030,AEX S,AG EXP STN ADM,AGRICULTURE EXPERIMENT STATION,138 CURTISS,(515) 294-2518,040,
01150,AGRON,AGRONOMY,AGRONOMY,2104 AGRON,(515) 294-1360,001,
30150,AGNXT,AGRONOMY EXT,AGRONOMY EXTENSION,2104 AGRON,(515) 294-4453,030,
92200,AGWIZ,AGWIZARD,AGWIZARD,ISU RSRC PARK,(515) 296-5339,999,
04210,AFAS,AIR FRC AERO ST,AIR FORCE AEROSPACE STUDIES,131 ARMORY,(515) 294-1716,004,
19250,ALUM,ALUMNI ASSOC,ALUMNI ASSOCIATION,ALUMNI CENTER,(515) 294-6525,100,
80140,AM IN,AMER INDIAN ST,AMERICAN INDIAN STUDIES,347 CATT HALL,(515) 294-9386,,04700
04135,ASL,AMER SIGN LANG,AMERICAN SIGN LANGUAGE,300B PEARSON,(515) 294-4275,,04110
45000,A LAB,AMES LABORATORY,AMES LABORATORY OF US DOE,151 TASF,(515) 294-2680,020,
99310,AMES,"AMES, CITY OF","AMES, CITY OF",GEN SRV BLD,(515) 294-5600,999,
01581,A ECL,ANIMAL ECOLOGY,ANIMAL ECOLOGY,253 BESSEY,(515) 294-1458,,01580
01210,AN S,ANIMAL SCIENCE,ANIMAL SCIENCE,1221 KILDEE,(515) 294-2160,001,
04136,ANTHR,ANTHROPOLOGY,ANTHROPOLOGY,3102 PEARSON,(515) 294-0918,,04110
04250,ANTHO,ANTHRO OLD,ANTHROPOLOGY OLD DEPT,324 CURTISS,(515) 294-7139,004,
10106,A M D,APPAREL MERCH D,APPAREL MERCHANDISING AND DESIGN,31 MACKAY,(515) 294-7474,,10100
10100,AESHM,AESHM,"APPAREL, EVENTS & HOSPITALITY MGMT",31 MACKAY,(515) 294-7474,010,
80620,A S C,APPL SCI COMPUT,APPLIED SCIENTIFIC COMPUTING,,(515) 294-2694,999,
04134,ARABC,ARABIC,ARABIC,3102 PEARSON,(515) 294-4046,,04110
07100,ARCH,ARCHITECTURE,ARCHITECTURE,146 DESIGN,(515) 294-5676,007,
07050,ART,ART/DESIGN,ART & DESIGN,158 DESIGN,(515) 294-6724,,07040
07040,A V C,ART/VISUAL CULT,ART AND VISUAL CULTURE,146 DESIGN,(515) 294-5676,007,
07053,ARTED,ART EDUCATION,ART EDUCATION,158 DESIGN,(515) 294-6724,,07040
07056,ART H,ART HIST/TH/CRM,"ART: HISTORY, THEORY, CRITICISM",158 DESIGN,(515) 294-6724,,07040
12545,AR/IC,ASSET RY/IV CTL,ASSET RECOVERY/INVENTORY CONTROL,,(515) 294-5536,125,
14810,AVPHS,ASST VP ST HLH,ASSISTANT VP FOR STUDENT HEALTH SERVICES,,,150,
14070,AVPEM,AVP ENRLMNT MGT,ASSOC VP ENROLLMENT MGMT,,(515) 294-0760,150,
04141,ASTRO,ASTRON/ASTROPHY,ASTRONOMY & ASTROPHYSICS,12 PHYSICS,(515) 294-5440,,04140
19140,ATHDP,ATHLETIC DEPT,ATHLETIC DEPARTMENT,JACOBSON BLDG,(515) 294-3662,100,
10706,A TR,ATH TRAIN,ATHLETIC TRAINING,235 FORKER BLDG,(515) 294-8009,,10700
10703,ATH,ATHLETICS,ATHLETICS,235 FORKER BLDG,(515) 294-8009,,10700
17650,AV,ATTENDING VET,ATTENDING VETERINARIAN,123E KILDEE,(515) 294-0266,020,
66010,BCBBS,BAKER CENTER,BAKER CENTER BIOINFORMATICS/BIOL STAT,112 O & L,(515) 294-5525,020,
12720,B A C,BEN/ACCT/COMPLI,"BENEFITS, ACCOUNTING & COMPLIANCE",,(515) 294-1530,125,
92170,BIVET,BI VETMEDICA,BI VETMEDICA,ISU RSRC PARK,(515) 296-6625,999,
40371,BCRF,BIOCTY RCH FARM,BIOCENTURY RESEARCH FARM,,(515) 294-8545,040,
04302,BIOCH,BIOCHEMISTRY,BIOCHEMISTRY,1210 MOL BIO,(515) 294-6116,,04300
17270,BBVPR,BIOCH/BIOPH,BIOCHEMISTRY & BIOPHYSICS-PRV/R,1210 MOL BIO,(515) 294-6116,020,
70010,BBMB,BIOCH/BIOPH,"BIOCHEMISTRY, BIOPHYSICS & MOLEC BIOLOGY",1210 MOL BIO,(515) 294-6116,999,
01270,BBMBA,BBMB-AGLS,BIOCHEMISTRY/BIOPHYSICS & MOLC BIOL-AGLS,1210 MOL BIO,(515) 294-6116,001,
04300,BBMBS,BIOCH/BIOPH-LAS,BIOCHEMISTRY/BIOPHYSICS & MOLC BIOL-LAS,1210 MOL BIO,(515) 294-6116,004,
17290,BEI,BIOECONOMY INST,BIOECONOMY INSTITUTE,1140 BRL,(515) 294-3816,020,
02003,BIOE,BIOENGINEERING,BIOENGINEERING,208 DAVIDSON,(515) 294-2874,,02700
17410,B ETH,BIOETHICS PRG,BIOETHICS PROGRAM,402 CATT,(515) 294-3068,,17400
92320,BF NS,BIOFORCE NANOSC,BIOFORCE NANOSCIENCE INC,2901 S LOOP DR,(515) 296-8251,999,
80430,BCB,BIOINF/CMP BIOL,BIOINFORMATICS & COMPUTATIONAL BIOLOGY,2014 MOL BIO,(515) 294-5122,999,
04350,BCBIO,BIOINF/COMP BIO,BIOINFORMATICS & COMPUTNL BIOLOGY-UG,505 SCIENCE II,(515) 294-3317,,04700
80431,BCBGR,BIOINF/CMP BIO,BIOINFORMATICS/COMPUTATIONAL BIOL GRADS,2014 MOL BIO,(515) 294-5122,999,
01138,BSE,BIO SYS ENGR,BIOLOGICAL SYSTEMS ENGINEERING,3222 NSRIC,(515) 294-0465,,01130
80350,BPM I,BIOL/PRE-MED IL,BIOLOGICAL/PRE-MEDICAL ILLUSTRATION,201 BESSEY,(515) 294-1064,999,
80180,BIOL,BIOLOGY,BIOLOGY,201 BESSEY,(515) 294-1064,999,
05702,B M C,BIOMED COMM,BIOMEDICAL COMMUNICATIONS,2261 VET MED,(515) 294-6988,,05700
20110,BME-E,BIOMED ENG,BIOMEDICAL ENGINEERING-ENGINEERING,104 MARSTON,(515) 294-5933,002,
23110,BME-V,BIOMED ENG VM,BIOMEDICAL ENGINEERING-VET MEDICINE,2060 VET MED,(515) 294-2998,005,
05070,B M S,BIOMEDICAL SCI,BIOMEDICAL SCIENCES,2008 VET MED,(515) 294-2831,005,
04303,BIOPH,BIOPHYSICS,BIOPHYSICS,1210 MOL BIO,(515) 294-6116,,04300
80600,BR C,BIORENEW CHEM,BIORENEWABLE CHEMICALS (MINOR ONLY),3222 NSRIC,(515) 294-0465,999,
80450,BRT,BIORNW RSCR/TCH,BIORENEWABLE RESOURCES AND TECHNOLOGY,0411 MARSTON,(515) 294-7934,999,
40380,BIGMP,BIGMAP,BIOSAFETY INST GENETICALLY MODFD AT PROD,102A SEED SCI,(515) 294-6821,040,
17400,BIOTC,BIOTECHNOLOGY,BIOTECHNOLOGY,1210 MOL BIO,(515) 294-9818,020,
99029,BOARD,BOARD REGENTS,BOARD OF REGENTS,11260 AURORA AVENUE,(515) 281-3934,999,
12510,BOOK,BOOKSTORE,BOOKSTORE,,(515) 294-0548,125,
01200,BOT A,BOTANY-AG,BOTANY-AG,353 BESSEY,(515) 294-3522,,01260
04020,BOT S,BOTANY,BOTANY-LAS,353 BESSEY,(515) 294-3522,,04700
01880,BCAIT,BRENTON CENTER,BRENTON CENTER FOR AG INSTR TECH TRANSF,004 CURTISS,(515) 294-1862,001,
20330,BERC,BLDG ENERGY CTR,BUILDING ENERGY RESEARCH CENTER,116 MARSTON,(515) 294-6326,,02700
08700,BUS,BUSINESS,BUSINESS,2200 GERDIN,(515) 294-7188,008,
08000,BUSAD,BUSINESS ADMIN,BUSINESS ADMINISTRATION,2200 GERDIN,(515) 294-2422,008,
80090,B A S,BUSINESS AD SC,BUSINESS ADMINISTRATIVE SCIENCES,300 CARVER,(515) 294-3656,999,
08680,BUSCS,BUSINESS CS,BUSINESS CAREER SERVICES,1320 GERDIN,(515) 294-2542,008,
35100,BUSXT,BUSINESS EXT,BUSINESS EXTENSION,300 CARVER,(515) 294-3656,030,
08710,BDSGP,BUS GRAD PRG,BUSINESS GRADUATE PROGRAM,1360 GERDIN,(515) 294-8118,008,
68700,BUSRI,BUSINESS RI,BUSINESS RESEARCH INSTITUTE,2200 GERDIN,(515) 294-3656,008,
08720,BUSUP,BUS UNGR PRG,BUSINESS UNDERGRADUATE PROGRAM,1200 GERDIN,(515) 294-8300,008,
14750,DNING,CAMPUS DIN SRV,CAMPUS DINING SERVICES,1215 FRILEY,(515) 294-3856,080,
12221,C ORG,CAMPUS ORGS,CAMPUS ORGANIZATIONS,,(515) 294-1582,125,
99090,CAP C,CAPITAL COMM,CAPITAL COMMUNICATIONS,COM BDG,(515) 294-5555,999,
04600,CCCC,CC CATT CTR,CARRIE CHAPMAN CATT CENTER,309 CATT HALL,(515) 294-3181,004,
25150,CSERI,CTR SOLAR ENRGY,CATRON CENTER FOR SOLAR ENERGY RESEARCH,133 ASC 1,(515) 294-7732,020,
17460,CSER,CATRON SOLAR EN,CATRON CTR FOR SOLAR ENERGY RSRCH,133 ASC 1,(515) 294-7732,020,
92210,CCQI,CTR QUAL IMPR,CENTER CONTINUOUS QUALITY IMPROVEMENT,ISU RSRC PARK,(515) 296-9796,999,
92110,CFRMH,CTR FAM RS/RMH,CENTER FAMILY RESEARCH/RURAL MENTAL HLTH,ISU RSRC PARK,,999,
40060,CARD,CARD,CENTER FOR AGRICULTURAL & RURAL DEVELOP,578 HEADY,(515) 294-1183,040,
40360,CALTX,CTR AG LAW/TAX,CENTER FOR AGRICULTURAL LAW & TAXATION,,(515) 294-6365,040,
02800,CBIRC,CTR BIORNW CHEM,CENTER FOR BIORENEWABLE CHEMICALS,1140N BRL,(515) 294-8354,002,
25140,CBERI,CTR BLDG ENERGY,CENTER FOR BUILDING ENERGY RESEARCH,491 DESIGN,(515) 294-7142,020,
25130,CCATI,CTR FOR CATAL,CENTER FOR CATALYSIS,142 SPED H,(515) 294-7568,020,
40370,CCUR,CTR CROPS UT RS,CENTER FOR CROPS UTILIZATION RESEARCH,1041 FOOD SC,(515) 294-0160,040,
02810,CED,CTR E-DESIGN,CENTER FOR E-DESIGN,3004 BLACK,(515) 294-1287,002,
17220,CEAH,CTR EX ARTS HUM,CENTER FOR EXCELLENCE IN ARTS/HUMANITIES,171 CARVER,(515) 294-1594,020,
18030,CELT,CELT,CENTER FOR EXCELLENCE IN LEARN & TEACH,3025 MORRILL,(515) 294-2906,160,
10220,CESME,CTR EXCEL SCI/M,"CENTER FOR EXCELLENCE/SCI,MATH ENGR ED",N157 LAGOMAR,(515) 294-7021,010,
23200,CFSPH,CTRFDSECPUBHLTH,CENTER FOR FOOD SECURITY/PUBLIC HEALTH,2160 VET MED,(515) 294-7632,005,
35000,CIRAX,CIRAS EXT,CENTER FOR INDUSTRIAL RESEARCH & SERVICE,EXT 4-H,(515) 294-9592,030,
40070,CIAG,CTR INTG AN GEN,CENTER FOR INTEGRATED ANIMAL GENOMICS,2255 KILDEE,(515) 294-6202,040,
66040,CPB,CTR PLANT BREED,CENTER FOR PLANT BREEDING,2104 AGRON,(515) 294-1360,020,
66050,CPG,CTR PLANT GENOM,CENTER FOR PLANT GENOMICS,2025 CO-LAB,(515) 294-7491,020,
25120,CSET,CTR SUST ENV TC,CENTER FOR SUSTAINABLE ENVIRONMENTAL TCH,1140 BRL,(515) 294-3816,020,
40390,CSRL,SUSTN RURAL LIV,CENTER FOR SUSTAINABLE RURAL LIVELIHOODS,106 CURTISS,(515) 294-9237,040,
10230,CTLT,CTR TCH LEARN,CENTER FOR TECHNOLOGY LEARNING & TEACH,N108 LAGOMAR,(515) 294-3147,010,
40290,CIKRD,CTR INDIG KN AG,CENTER INDIGENOUS KNOWLEDGE FOR AG,318 CURTISS,(515) 294-9503,004,
66060,CPRES,CTR PLANT RESP,CENTER PLANT RESPONSES ENVIRON STRESSES,351 BESSEY,(515) 294-2264,020,
66070,CPTGE,CTR PLANT TRANS,CENTER PLANT TRANSFORM/GENE EXPRESSION,G405 AGRON,(515) 294-4429,020,
12200,FINTR,FINANCE/TREAS,CENTRAL FINANCE & TREASURER,,(515) 294-2220,125,
12541,CS OC,CENTRAL STR OC,CENTRAL STORES OFF CAMPUS ACCOUNTS,,(515) 294-5762,125,
02030,C B E,CHEM & BIO ENGR,CHEMICAL & BIOLOGICAL ENGINEERING,2114 SWEENEY,(515) 294-7642,002,
02031,CH E,CHEMICAL ENG,CHEMICAL ENGINEERING,2114 SWEENEY,(515) 294-7642,,02030
04030,CHEM,CHEMISTRY,CHEMISTRY,1605 GILMAN,(515) 294-6342,004,
04031,CHSTO,CHEMISTRY STORE,CHEMISTRY STORES,1351 GILMAN,(515) 294-4413,004,
19390,CHILD,CHILD CARE SRV,CHILD CARE SERVICES,3750 BDSHR,(515) 294-6458,100,
04119,CHIN,CHINESE,CHINESE,3102 PEARSON,(515) 294-4046,,04110
02043,C E,CIVIL ENG,CIVIL ENGINEERING,394 TOWN ENGR,(515) 294-2140,,02040
02040,CCE E,CIV/CON/ENV ENG,"CIVIL, CONSTRUCTION & ENVIRONMENTAL ENG",394 TOWN ENGR,(515) 294-2140,002,
80160,CL ST,CLASSICAL ST,CLASSICAL STUDIES,3102 PEARSON,(515) 294-1384,,04700
17420,CSI,CLIMATE SCIENCE,CLIMATE SCIENCE INITIATIVE,1140 BRL,(515) 294-3816,020,
80190,CLSMT,CLIN LAB SC/M T,CLINICAL LABORATORY SCIENCE/MEDICAL TECH,202 CATT HALL,(515) 294-3628,999,
14650,C B,COLLEGE BOUND,COLLEGE BOUND,314 ENRL SC,(515) 294-2232,150,
80330,CLEP,CLEP,COLLEGE LEVEL EXAMINATION PROGRAM,214 ENRL SC,(515) 294-1840,999,
10000,H SCI,H SCI,COLLEGE OF HUMAN SCIENCES,E262 LAGOMAR,(515) 294-7800,,10010
92340,CMBSP,COMBISEP,COMBISEP,4200 RSRC PARK,(515) 294-1690,999,
04001,CMDIS,COMM DISORDERS,COMMUNICATION DISORDERS,321 PEARSON,(515) 294-0194,,04700
04343,COMST,COMM STUDIES,COMMUNICATION STUDIES,101 HAMILTON,(515) 294-4342,,04700
30600,CER,COMM & EXT REL,COMMUNICATIONS & EXTERNAL RELATIONS,3630 EXT 4-H,(515) 294-9915,030,
31040,COMXT,COMMUNITIES EXT,COMMUNITIES - EXTENSION,2321 N LOOP DR,(515) 294-8397,030,
07150,C R P,COMMUN/REG PLAN,COMMUNITY & REGIONAL PLANNING,146 DESIGN,(515) 294-5676,007,
80470,C DEV,COMMUNITY DEV,COMMUNITY DEVELOPMENT,107 CURTISS,(515) 294-1329,999,
04703,CL PS,COMM LDSHP/SERV,COMMUNITY LEADERSHIP & PUBLIC SERVICE,202 CATT,(515) 294-3220,,04700
80420,CAS,COMP ADAPT SYS,COMPLEX ADAPTIVE SYSTEMS,2014 MOL BIO,(515) 294-7252,999,
02051,CPR E,COMPUTER ENG,COMPUTER ENGINEERING,2215 COOVER,(515) 294-2667,,02050
04170,COM S,COMPUTER SC,COMPUTER SCIENCE,227 ATANASOFF,(515) 294-4377,004,
30610,CPM,CONF PLAN & MGT,CONFERENCE PLANNING & MANAGEMENT,2280 BDSHR,(515) 294-5508,030,
02041,CON E,CONSTR ENG,CONSTRUCTION ENGINEERING,394 TOWN ENGR,(515) 294-2677,,02040
12220,CONTR,CONTROLLERS DPT,CONTROLLER'S DEPARTMENT,,(515) 294-6653,125,
30310,COOP,COOP EXT FIELD,COOPERATIVE EXTENSION FIELD PROGRAM,2150 BDSHR,(515) 294-6192,030,
10503,CO ED,COUNSELOR ED,COUNSELOR EDUCATION,N131 LAGOMAR,(515) 294-3265,,10300
30318,CO PD,COUNTY PD EXT,COUNTY PAID EXTENSION STAFF,2280 BDSHR,(515) 294-1600,,30310
04233,CJ ST,CRIMINL JUST ST,CRIMINAL JUSTICE STUDIES,203 EAST HALL,(515) 294-8008,,04230
17470,CBC,CROP BIOENGR CT,CROP BIOENGINEERING CENTER,,(515) 294-4429,020,
17310,CAHDT,CTR FOR AHDIT,CTR ADV HOST DEFENSES IMMUN TRANSLAT COM,2008 VET MED,(515) 294-6449,020,
17480,CCILD,CTR COMPTL INTL,"CTR COMPUTATNL INTELL, LEARN & DISCVRY",214 ATANSFF,(515) 294-9074,020,
04731,CAIS,CTR AM INTCL ST,CTR FOR AMERICAN INTERCULTURAL STUDIES,208 CARVER,(515) 294-9730,004,
07400,CBER,BLDG ENERGY RSH,CTR FOR BUILDING ENERGY RESEARCH,491 DESIGN,(515) 294-7142,007,
04630,CCAT,CTR CATALYSIS,CTR FOR CATALYSIS,142 SPED H,(515) 294-7568,004,
28200,CDFIN,CDFIN,CTR FOR DESIGNING FOODS TO IMPROVE NUTRI,1127 HNSB,(515) 294-8489,010,
02840,CIRAS,CTR IND RSRCH S,CTR FOR INDUSTRIAL RESEARCH & SERVICE,EXT 4-H,(515) 294-0099,002,
17660,CMB,CTR METABOL BIO,CTR FOR METABOLIC BIOLOGY,2210 MOL BIO,(515) 294-9423,020,
02250,CMFRE,CTR MLTPHS FLOW,CTR FOR MULTIPHASE FLOW RESEARCH & EDUC,,(515) 294-3698,002,
02820,CNDE,CTR NONDESTR EV,CTR FOR NONDESTRUCTIVE EVALUATION,111 ASC 2,(515) 294-8152,002,
04640,CSSM,CTR SURVEY STAT,CTR FOR SURVEY STAT/METHODOLOGY,208 O & L,(515) 294-5242,004,
17670,CSAFE,CSAFE,CTR STAT & APPLCTN IN FORENSIC EVIDENCE,,(515) 294-7278,020,
10200,C I,CURR/INSTR,CURRICULUM & INSTRUCTION,N131 LAGOMAR,(515) 294-3265,,10300
02053,CYB E,CYBER SEC ENGR,CYBER SECURITY ENGINEERING,,(515) 294-0659,,02050
80260,CYTO,CYTOTECHNOLOGY,CYTOTECHNOLOGY,102 CATT HALL,(515) 294-4831,999,
04132,CZECH,CZECHOSLOVAKIAN,CZECHOSLOVAKIAN,3102 PEARSON,(515) 294-4046,,04110
01212,DY S,DAIRY SCIENCE,DAIRY SCIENCE,123 KILDEE,(515) 294-6021,001,
10702,DANCE,DANCE,DANCE,235 FORKER BLDG,(515) 294-8009,,10700
80810,DS,DATA SCIENCE,DATA SCIENCE,,(515) 294-6168,999,
14200,D S O,DEAN OF STDT,DEAN OF STUDENTS OFFICE,1010 STDS SERV,(515) 294-1020,150,
92270,DEM I,DEMONSTRATIVES,"DEMONSTRATIVES, INC",2321 N LOOP DR,(515) 296-6930,999,
99270,DOT,DPT TRANSPORT,DEPARTMENT OF TRANSPORTATION,,(515) 239-1101,999,
07701,DES,DESIGN,DESIGN (BACHELOR OF DESIGN),134 DESIGN,(515) 294-7428,,07700
07500,DSNAS,DSN AC SUPP SRV,DESIGN ACADEMIC SUPPORT SERVICES,134 DESIGN,(515) 294-0733,,07700
07700,DSN,DESIGN ADM,DESIGN ADMINISTRATION,134 DESIGN,(515) 294-7428,007,
30080,DSNXT,DESIGN EXT,DESIGN EXTENSION,288 DESIGN,(515) 294-8707,030,
07000,DS GN,DESIGN GENERAL,DESIGN GENERAL,134 DESIGN,(515) 294-7428,,07700
07300,DSN S,DESIGN STUDIES,DESIGN STUDIES,146 DESIGN,(515) 294-5676,007,
14440,DESTN,DESTINATN ISU,DESTINATION IOWA STATE-NEW STUDENT PRGMS,314 ENRL SC,(515) 294-0801,,14400
80480,D EX,DIET & EXERCISE,DIET AND EXERCISE,248 FORKER BLDG,(515) 294-8429,999,
10601,DIET,DIETETICS,DIETETICS - H SCI,2543 FOOD SC,(515) 294-4325,,10600
10805,E C P,EARLY CHILD ED,EARLY CHILDCARE EDUCATION AND PROGRMMING,4380 PALMER,(515) 294-6316,,10800
80290,EEB,ECOL/EVOL BIOL,ECOLOGY AND EVOLUTIONARY BIOLOGY,2018 MOL BIO  L,(515) 294-7252,999,
70100,EEOB,EEOB,"ECOLOGY, EVOLUTION & ORGANISMAL BIOL",251 BESSEY,(515) 294-3523,999,
04420,EEOBS,EEOB-LAS,"ECOLOGY, EVOLUTION & ORGANISMAL BIOL-LAS",251 BESSEY,(515) 294-3523,004,
01260,EEOBA,EEOB-AGLS,ECOLOGY/EVOLUTION & ORGANISMAL BIOL-AGLS,251 BESSEY,(515) 294-3523,001,
19260,EDIR,ECON DEV/INDUST,ECONOMIC DVLPMNT & INDUSTRY RELATIONS,1750 BDSHR,(515) 294-8105,100,
70020,ECON,ECONOMICS,ECONOMICS,266 HEADY,(515) 294-6740,999,
04040,ECONS,ECONOMICS-LAS,ECONOMICS - LAS,266 HEADY,(515) 294-6740,004,
01090,ECONA,ECONOMICS-AGLS,ECONOMICS-AGLS,266 HEADY,(515) 294-6740,001,
10301,EDUC,EDUC,EDUCATION,N131 LAGOMAR,(515) 294-3265,,10300
10502,EDADM,EDUCATIONAL ADM,EDUCATIONAL ADMINISTRATION,N131 LAGOMAR,(515) 294-3265,,10300
10500,EL PS,ED LDSHP POL ST,EDUCATIONAL LEADERSHIP & POLICY STUDIES,N131 LAGOMAR,(515) 294-3265,,10300
14122,ETS,ED TALENT SRCH,EDUCATIONAL TALENT SEARCH,0113 STDS SERV,(515) 294-5546,150,
40350,EIC,EGG INDUST CTR,EGG INDUSTRY CENTER,1221 KILDEE,(515) 294-2160,040,
02360,EPRC,ELCTRC PWR R CT,ELECTRIC POWER RESEARCH CENTER,,(515) 294-7678,002,
02050,E CPE,ELEC ENG/CP ENG,ELECTRICAL AND COMPUTER ENGINEERING,2215 COOVER,(515) 294-2664,002,
02052,E E,ELECTRICAL ENG,ELECTRICAL ENGINEERING,2215 COOVER,(515) 294-2667,,02050
04430,E G D,EMRG GLBL DIS,EMERGING GLOBAL DISEASES,,(515) 294-1739,004,
19330,E A P,EMPL ASST PRG,EMPLOYEE ASSISTANCE PROGRAM,3750 BDSHR,(515) 294-7680,100,
80200,E S E,ENERGY SYS ENG,ENERGY SYSTEMS ENGINEERING,2030 BLACK ENGR,(515) 294-1323,999,
02000,ENGR,ENGINEERING,ENGINEERING,104 MARSTON,(515) 294-5935,,02700
02450,EASA,ENG ACAD/ST AFF,ENGINEERING ACADEMIC/STUDENT AFFAIRS,110 MARSTON,(515) 294-2337,002,
02700,ENG,ENGINEERING ADM,ENGINEERING ADMINISTRATION,104 MARSTON,(515) 294-5935,002,
04705,ELOL,ENGL/LAS ONLINE,ENGINEERING AND LAS ON-LINE LEARNING,,(515) 294-7470,,04700
02001,E APP,ENG APPLICATNS,ENGINEERING APPLICATIONS,104 MARSTON,(515) 294-5935,,02700
02680,ENGCS,ENG CAREER SRV,ENGINEERING CAREER SERVICES,308 MARSTON,(515) 294-2540,002,
02650,ENGCL,ENG CLASSIFCTN,ENGINEERING CLASSIFICATION,112 MARSTON,(515) 294-3900,002,
20300,ECR,ENGR COLL RELAT,ENGINEERING COLLEGE RELATIONS,202 MARSTON,(515) 294-8787,002,
35300,ENGXT,ENGINEERING EXT,ENGINEERING EXTENSION,104 MARSTON,(515) 294-4395,030,
02400,ENGER,ENG EXT REL,ENGINEERING EXTERNAL RELATIONS,104 MARSTON,(515) 294-2338,002,
02102,E M,ENG MECHANICS,ENGINEERING MECHANICS,2271 HOWE,(515) 294-5666,,02100
02690,ENGOP,ENGR OUTREACH,ENGINEERING OUTREACH PROGRAMS,104 MARSTON,(515) 294-1019,002,
20700,E R I,ENG RI,ENGINEERING RESEARCH INSTITUTE,104 MARSTON,(515) 294-5935,002,
02103,E SCI,ENG SCIENCE,ENGINEERING SCIENCE,2019 BLACK ENGR,(515) 294-6240,002,
40770,ES AG,ENG SRV AG EXP,ENGINEERING SERVICES/AG EXPERIMENT STATN,DESIGN SERV,(515) 294-6111,040,
02660,ENGSS,ENG STUDENT SRV,ENGINEERING STUDENT SERVICES,110 MARSTON,(515) 294-5933,002,
02002,E ST,ENGR STUDIES,ENGINEERING STUDIES,2220 HOOVER,(515) 294-4722,,02700
02670,ENTS,ENGR TECH SUPP,ENGINEERING TECHNOLOGY SUPPORT,2240 HOOVER,(515) 294-5313,002,
02350,ELO,ENG-LAS ONLINE,ENGINEERING-LAS ONLINE LEARNING,1328 HOWE HALL,(515) 294-7470,002,
04050,ENGL,ENGLISH,ENGLISH,203 ROSS,(515) 294-2180,004,
02150,EASAS,ENG APPL SCI AD,ENGR APPLIED SCIENCE ADMINISTRATION,,(515) 294-8157,002,
92370,ENSFT,ENSOFT CORP,ENSOFT CORP,,(515) 296-3253,999,
01410,ENT,ENTOMOLOGY,ENTOMOLOGY,110 INSECTARY,(515) 294-7400,001,
30410,ENTEX,ENTOMOLOGY EXT,ENTOMOLOGY EXTENSION,7 INSECTARY,(515) 294-1101,,30310
80700,EPRST,ENTREPRENRL STD,ENTREPRENEURIAL STUDIES,,(515) 294-0629,999,
08410,ENTSP,ENTREPRENEURSHP,ENTREPRENEURSHIP,,(515) 294-0629,008,
12600,EHS,ENVIR HLTH/SAF,ENVIRONMENTAL HEALTH & SAFETY,,(515) 294-5359,125,
80121,ENV P,ENVIRONMENTL PR,ENVIRONMENTAL PROGRAMS,131 BESSEY,(515) 294-3651,004,
80122,ENSCI,ENVIRNMENTL SCI,ENVIRONMENTAL SCIENCE,131 BESSEY,(515) 294-3651,999,
80120,ENV S,ENVIRONMENTL ST,ENVIRONMENTAL STUDIES,131 BESSEY,(515) 294-3651,999,
04970,ENVST,ENVIRON ST LAS,ENVIRONMENTAL STUDIES LAS,131 BESSEY,(515) 294-3651,004,
19230,EO,EQUAL OPPORTUNT,EQUAL OPPORTUNITY OFFICE,3350 BDSHR,(515) 294-7612,100,
92130,ETREM,ETREMA PRODUCTS,ETREMA PRODUCTS INC,"ISU RSRC PARK, 2500 N LOOP DRIVE SUITE 7400",(515) 296-8030,999,
10105,EVENT,EVENT MGMT,EVENT MANAGEMENT,31 MACKAY,(515) 294-7474,,10100
80997,EXPRO,EXCHANGE PRG,EXCHANGE PROGRAM,214 ENRL SC,(515) 294-1840,999,
10704,EX SP,EXERCISE/SPORT,EXERCISE & SPORT SCIENCE,235 FORKER BLDG,(515) 294-8009,,10700
92230,EXSD,EXSEED GENETICS,EXSEED GENETICS,"ISU RSRC PARK, 2901 S LOOP DR, BLDG 3 #3360",(515) 296-5344,999,
30720,EXTDC,EXT DISTRIBUTN,EXTENSION DISTRIBUTION,PRINT,(515) 294-5247,030,
30810,EIT,EXTENSION IT,EXTENSION IT,110 EXT I T,(515) 294-9610,030,
30145,EOADV,EXT ORG ADV,EXTENSION ORGANIZATIONAL ADVANCEMENT,2150 BDSHR,(515) 291-6192,030,     
30116,EX OD,EXT ORG DEV,EXTENSION ORGANIZATIONAL DEVELOPMENT,2150 BDSHR,(515) 294-5390,030,
30620,EX PD,EXT PROF DEVMT,EXTENSION PROFESSIONAL DEVELOPMENT,2280 BDSHR,(515) 294-5508,030,
40132,EXAES,EXT TO AG - AES,EXTENSION TO AG-AES,132 CURTISS,(515) 294-7801,040,
30132,EXTAG,EXT TO AG - EXT,EXTENSION TO AGRICULTURE-EXTENSION,132 CURTISS,(515) 294-7801,030,
12100,FPM,FAC PLAN/MGMT,FACILITIES PLANNING AND MANAGEMENT,,(515) 294-4963,110,
18310,F SEN,FACULTY SENATE,FACULTY SENATE,103 LAB MECH,(515) 294-9717,160,
10803,FCEDS,FAM/CNS ED/ST,FAMILY & CONSUMER SCI EDU & STUDIES,31 MACKAY,(515) 294-7474,,10800
40540,FCSXP,FAM/CNS SC EXPS,FAMILY & CONSUMER SCIENCES EXP STATION,126 MACKAY,(515) 294-5982,040,
28010,FCSRI,FAM/CNS SC RI,FAMILY & CONSUMER SCIENCES RESEARCH INST,E262 LAGOMAR,(515) 294-0211,010,
10050,FCS,FAMILY CONS SCI,FAMILY CONSUMER SCIENCES-GRAD PGM,E262 LAGOMAR,(515) 294-2695,010,
10801,FFP,FAMILY FIN PLAN,FAMILY FINANCIAL PLANNING,4380 PALMER,(515) 294-6316,,10800
01032,F SER,UNIV FARM SRV,FARM SERVICES,ARBOR STREET,(515) 292-8281,001,
30140,FEED,FARM/FOOD/ENT D,"FARM, FOOD, AND ENTERPRISE DEVELOPMENT",1111 NSRIC,(515) 294-0648,030,
08300,FIN,FINANCE,FINANCE,2330 GERDIN,(515) 294-4668,008,
12400,FINDL,FINANCE DELIV,FINANCE DELIVERY,,(515) 294-1530,125,
30790,FINXT,FINANCE EXT,FINANCE EXTENSION,2280 BDSHR,(515) 294-1600,030,
99110,FRSTB,FIRE SRV TRAIN,FIRE SRVC TRAINING BUREAU,FIRE SVC INST,(515) 294-6817,999,
19145,FLGHT,FLIGHT,FLIGHT SERVICE,AIRPORT,,100,
80475,FSDGC,FSD GRAD CERT,FOOD SAFETY & DEFENSE GRAD CERTIFICATE,004 CURTISS,(515) 294-1862,999,
70030,FS HN,FOOD SC/HN,FOOD SCIENCE & HUMAN NUTRITION,2312 FOOD SC,(515) 294-3011,999,
01360,FSHNA,FOOD SC/HN-AGLS,FOOD SCIENCE & HUMAN NUTRITION - AGLS,2312 FOOD SC,(515) 294-3011,001,
10600,FSHNH,FOOD SC/HN-HSCI,FOOD SCIENCE & HUMAN NUTRITION-H SCI,2312 FOOD SC,(515) 294-3011,010,
10104,FLM,FOOD SRV/LODG,FOOD SERVICE & LODGING MANAGEMENT,31 MACKAY,(515) 294-7474,,10100
01582,FOR,FORESTRY,FORESTRY,253 BESSEY,(515) 294-1458,,01580
04111,FRNCH,FRENCH,FRENCH,3102 PEARSON,(515) 294-4046,,04110
92330,FTCSC,FTCSC - NASA,FTCSC - NASA,2901 S LOOP DR STE 3700,(515) 296-5383,999,
01511,GEN,GENETICS,GENETICS,353 BESSEY,(515) 294-0134,,01490
80490,GENGM,GENETIC/GENOMIC,GENETICS AND GENOMICS,2102 MOL BIO,(515) 294-7697,999,
80360,GENET,GENETICS INTDSC,GENETICS INTERDISCIPLINARY,2102 MOL BIO,(515) 294-7697,999,
70110,GDCB,GDCB,"GENETICS, DEVELOPMENT & CELL BIOLOGY",1210 MOL BIO,(515) 294-7322,999,
04500,GDCBS,GDCB-LAS,"GENETICS, DEVELOPMENT & CELL BIOLOGY-LAS",1210 MOL BIO,(515) 294-7322,004,
01490,GDCBA,GDCB-AGLS,GENETICS/DEVELOPMENT & CELL BIOLOGY-AGLS,1210 MOL BIO,(515) 294-7322,001,
04060,GE AT,GEOL/ATMOSPH SC,GEOLOGICAL AND ATMOSPHERIC SCIENCES,253 SCIENCE I,(515) 294-4477,004,
04061,GEOL,GEOLOGY,GEOLOGY,253 SCIENCE I,(515) 294-4477,,04060
04112,GER,GERMAN,GERMAN,3102 PEARSON,(515) 294-4046,,04110
70090,GERON,GERONTOLOGY,GERONTOLOGY,17 EAST HALL,(515) 294-2444,999,
10802,GRN H,GERONTOLOGY-HSC,GERONTOLOGY-H SCI,4380 PALMER,(515) 294-6316,,10800
80210,GRN I,GERON-INTDSC,GERONTOLOGY-INTERDISCIPLINARY,17 EAST HALL,(515) 294-2444,999,
01033,G A P,GLOBAL AG PRG,GLOBAL AGRICULTURE PROGRAMS,104 CURTISS,(515) 294-8454,001,
92240,GRIP,GLOBAL REACH IP,GLOBAL REACH INTERNET PRODUCTIONS,ISU RSCH PARK,(515) 296-0792,999,
01740,GLOBE,GLOBAL RESOURCE,GLOBAL RESOURCE SYSTEMS,134 CURTISS,(515) 294-6614,001,
92280,GVL,GLOBALVETLINK,GLOBALVETLINK,2130 RSRC PARK,(515) 296-9796,999,
19150,GOV R,GOVERNMENT REL,GOVERNMENT RELATIONS,1750 BDSHR,(515) 294-4941,100,
18440,G/GMP,GRAD COLL/GMAP,GRAD COLLEGE/GRAD MINORITY ASSIST PRGM,1550 BDSHR,(515) 294-5553,,18010
18010,G COL,GRAD COLLEGE,GRADUATE COLLEGE,1137 PEARSON,(515) 294-4531,160,
80230,GR ST,GRADUATE ST,GRADUATE STUDIES,1137 PEARSON,(515) 294-4531,999,
17630,GRHUB,GRANTS HUB,GRANTS HUB,2680 BDSHR,(515) 294-2429,020,
07070,ARTGR,GRAPHIC DSN,GRAPHIC DESIGN,146 DESIGN,(515) 294-5676,007,
99070,GICU,GR IA CRED UN,GREATER IOWA CREDIT UNION,801 LINCOLNWAY,(515) 232-6310,999,
04118,GREEK,GREEK,GREEK,3102 PEARSON,(515) 294-4046,,04110
04340,GSJC,GREENLEE JRN/CM,GREENLEE SCHOOL JOURNALISM/COMMUNICATION,101 HAMILTON,(515) 294-4342,004,
10705,HHP,HEALTH/HUM PERF,HEALTH & HUMAN PERFORMANCE,235 FORKER BLDG,(515) 294-8009,,10700
10701,H S,HEALTH STUDIES,HEALTH STUDIES,223 FORKER BLDG,(515) 294-8009,,10700
10504,HG ED,HIGHER/ADULT ED,HIGHER EDUCATION,N131 LAGOMAR,(515) 294-3265,,10300
10202,H P C,HIST/PHIL/CMPST,HISTORICAL PHILOSOPHICAL COMPAR ST EDUC,N131 LAGOMAR,(515) 294-3265,,10300
04310,HIST,HISTORY,HISTORY,603 ROSS,(515) 294-7266,004,
80390,HON,HONORS,HONORS COURSES,JISCHKE HONORS,(515) 294-4371,999,
18300,HONOR,HONORS PRGM,HONORS PROGRAM-PRV,1150 JISCHKE,(515) 294-4371,160,
01570,HORT,HORTICULTURE,HORTICULTURE,106 HORT,(515) 294-2751,001,
30570,HORTX,HORT EXTENSION,HORTICULTURE EXTENSION,106 HORT,(515) 294-2751,,30310
10107,HSP M,HOSPITALITY MGT,HOSPITALITY MANAGEMENT,31 MACKAY,(515) 294-7474,,10100
10102,HRI,HOTL RT/IN MGMT,HOTEL RESTAURANT & INSTITUTION MGMT,31 MACKAY,(515) 294-7474,,10100
80070,HOUS,HOUSING,HOUSING,1097 LEBARON,(515) 294-8695,999,
80460,HCI,HUM CMP INTRACT,HUMAN COMPUTER INTERACTION,1620 HOWE HALL,(515) 294-2089,999,
10800,HD FS,HUMAN DV/FAM ST,HUMAN DEVELOPMENT & FAMILY STUDIES,4380 PALMER,(515) 294-6316,010,
30800,HR XT,HUMAN RSRC EXT,HUMAN RESOURCES EXTENSION,2280 BDSHR,(515) 294-3283,030,
10010,HS AD,H SCI ADMIN,HUMAN SCIENCES ADMINISTRATION,E262 LAGOMAR,(515) 294-7800,010,
10920,HS CS,H SCI CAREER SV,HUMAN SCIENCES CAREER SERVICES,0131 MACKAY,(515) 294-7002,010,
10020,HS DE,CHS DISTANCE ED,HUMAN SCIENCES DISTANCE EDUCATION,304 MACKAY,(515) 294-5812,010,
30450,HS EO,HUMAN SCI EXT,HUMAN SCIENCES EXTENSION AND OUTREACH,101 MACKAY,(515) 294-7244,030,
10930,HS IP,INTL ED PRG,HUMAN SCIENCES INTERNATIONAL PROGRAMS,E262 LAGOMAR,(515) 294-7002,010,
10900,HS SS,H SCI STUDNT SR,HUMAN SCIENCES STUDENT SERVICES,E262 LAGOMAR,(515) 294-7002,010,
92220,IMED,IMED STUDIOS,IMED STUDIOS,"ISU RSRC PARK, 2604 NORTHRIDGE PARKWAY",(515) 296-6810,999,
80040,IMBIO,IMMUNOBIOLOGY,IMMUNOBIOLOGY,2018 MOL BIO,(515) 294-7252,999,
80410,IMB,IMMUNOBIOL RES,IMMUNOBIOLOGY RESEARCH,2018 MOL BIO,(515) 294-7252,999,
02070,IMSE,IND/MFR SYS ENG,INDUSTRIAL & MANUFACTURING SYSTEMS ENGR,3004 BLACK ENGR,(515) 294-1682,002,
07060,IND D,INDUST DESIGN,INDUSTRIAL DESIGN,146 DESIGN,(515) 294-5676,007,
01135,I TEC,INDUSTRIAL TECH,INDUSTRIAL ED TECHNOLOGY,116 I ED II,(515) 294-1033,001,
02072,I E,INDUSTRIAL ENG,INDUSTRIAL ENGINEERING,3004 BLACK ENGR,(515) 294-1682,,02070
80240,I R,INDUSTRIAL REL,INDUSTRIAL RELATIONS,218 CARVER,(515) 294-8118,999,
02240,IAC,INFO ASSRNC CTR,INFO ASSURANCE CTR,2215 COOVER,(515) 294-0659,002,
80440,INFAS,INFO ASSURANCE,INFORMATION ASSURANCE,104 MARSTON,(515) 294-5933,020,
25240,IACI,INFO ASSUR CTR,INFORMATION ASSURANCE CTR,2215 COOVER,(515) 294-0659,020,
02470,ICUBE,I CUBE,INFORMATION INFRASTRUCTURE INIT,2215 COOVER,(515) 294-0659,002,
17520,ISTI,INFO SCI TECH I,INFORMATION SCIENCE TECHNOLOGY INSTITUTE,1620 HOWE,(515) 294-2649,020,
08200,ISBA,INFO SYS/BUS AN,INFORMATION SYSTEMS & BUSINESS ANALYTICS,,(515) 294-3659,008,
01411,INSEC,INSECTARY,INSECTARY,109 INSECTARY,(515) 294-1101,,01410
23300,IICAB,INST AN BIOLOGY,INST FOR INTL COOPERATION IN ANIMAL BIOL,2160 VET MED,(515) 294-7632,020,
25700,IPRTA,IPRT ADM,INST FOR PHYSICAL RESEARCH & TECH ADMIN,2156 GILMAN,(515) 294-3045,020,
17230,ICD,INST COMB DISC,INSTITUTE FOR COMBINATORIAL DISCOVERY,3318 HOOVER,(515) 294-5743,020,
25230,ICD I,INST COMB DSC I,INSTITUTE FOR COMBINATORIAL DISCOV-IPRT,3318 HOOVER,(515) 294-5743,020,
29700,IDRO,INST DSN RS/OTR,INSTITUTE FOR DESIGN RESEARCH & OUTREACH,126 DESIGN,(515) 294-0526,007,
17280,IFSS,IFSS,INSTITUTE FOR FOOD SAFETY AND SECURITY,196 SEED,(515) 294-4781,020,
17250,ISBR,INST SOC BEH RS,INSTITUTE FOR SOCIAL/BEHAVIORAL RESEARCH,2625 N LOOP DR,(515) 294-4518,040,
17170,ITRNS,INTRANS,INSTITUTE FOR TRANSPORTATION,"2711 S LOOP DR,",(515) 294-8103,020,
18210,I RES,INST RESEARCH,INSTITUTIONAL RESEARCH,"2420 LINCOLN WAY, SUITE 203",(515) 294-1181,160,
07041,ARTIS,INTGRT STD ART,INTEGRATED STUDIO ARTS,146 DESIGN,(515) 294-5676,,07040
04701,IEOP,INT ENGL/OR PRG,INTENSIVE ENGLISH & ORIENTATION PROGRAM,102 L A,(515) 294-3568,004,
18460,IGP,INTDPT GRAD PRG,INTERDEPARTMENTAL GRADUATE PROGRAMS,10 PEARSON,(515) 294-1170,,18010
80380,IGS,INTRDSC GRAD ST,INTERDISCIPLINARY GRADUATE STUDIES,10 PEARSON,(515) 294-4531,999,
07080,ARTID,INTERIOR DSN,INTERIOR DESIGN,146 DESIGN,(515) 294-5676,007,
19160,I AUD,INTERNAL AUDIT,INTERNAL AUDIT,3603 ASB,(515) 294-7225,100,
80998,INTED,INTL EDUCATION,INTERNATIONAL EDUCATION,214 ENRL SC,(515) 294-1840,999,
14250,ISS,INTL STU & SCHL,INTERNATIONAL STUDENTS & SCHOLARS,3248 MEM UNION,(515) 294-1120,150,
80280,INTST,INTL STUDIES,INTERNATIONAL STUDIES,3102 PEARSON,(515) 294-0918,,04700
30260,IBC,IA BEEF CTR,IOWA BEEF CENTER,337 KILDEE,(515) 294-2333,030,
13510,IB&SS,IA BRL/SGHT SCH,IOWA BRAILLE & SIGHT SAVING SCHOOL,1002 G AVE,(319) 472-5221,125,
17050,ICAN,IA CTR ADV NEUR,IOWA CENTER FOR ADVANCED NEUROTOXICOLOGY,2008 VET MED,(515) 294-2516,020,
40120,ICIAD,IA CROP/AG DVMT,IOWA CROP IMPROVE/COMMITTEE FOR AG DVMT,4611 MORTENSEN RD STE 101,(515) 294-4166,040,
17020,IECTR,IOWA ENERGY CTR,IOWA ENERGY CENTER,"2521 UNIV BLVD, STE 124",(515) 294-8819,020,
99330,IGAME,IOWA GAMES,IOWA GAMES,GEN SRV BLD,(515) 294-5600,999,
80900,IA LL,LAKESIDE LAB,IOWA LAKESIDE LABORATORY,103 BESSEY,(515) 294-2488,160,
40550,INRC,IA NUTRNT RSRCH,IOWA NUTRIENT RESEARCH CENTER,132 CURTISS,(515) 294-7801,040,
30100,IPIC,IA PORK IND CTR,IOWA PORK INDUSTRY CENTER,109 KILDEE,(515) 294-4103,030,
99040,IPR,IA PUBLIC RADIO,IOWA PUBLIC RADIO,1021 COM BDG,(515) 294-8518,125,
13520,ISD,IA SCHOOL DEAF,IOWA SCHOOL FOR THE DEAF,3501 HARRY LANGDON BLVD,(712) 366-0571,125,
40130,ISRC,SOYBN RSRCH CTR,IOWA SOYBEAN RESEARCH CENTER,2101 AGRON,(515) 294-7318,040,
12530,ISCTR,IOWA STATE CTR,IOWA STATE CENTER,,(515) 294-3347,125,
99010,DAILY,ISU DAILY,IOWA STATE DAILY,"108 HAMILTON/2420 LINCOLN WAY, SUITE 205",(515) 294-4120,150,
40750,ISRF,IA ST RS FARMS,IOWA STATE RESEARCH FARMS,103 CURTISS,(515) 294-5045,040,
19270,ISURF,ISU RSRCH FOUND,IOWA STATE RESEARCH FOUNDATION,310 LAB MECH,(515) 294-4740,100,
19190,ISRP,ISU RSRCH PARK,IOWA STATE UNIV RESEARCH PARK,2711 S LOOP DR,(515) 296-7275,100,
92310,ISLL,IA STDT LOAN LQ,IOWA STUDENT LOAN LIQUIDITY,1900A RESEARCH PARK I,(515) 296-5531,999,
25030,ICACR,IPRT CO ASST,IPRT COMPANY ASSISTANCE CONTRACT RESRCH,2156 GILMAN,(515) 294-3045,020,
99350,ISUAF,ISU AFFILIATE,ISU AFFILIATE - HUMAN RESOURCES,3210 BDSHR,(515) 294-0148,999,
99080,ISUBC,ISU BRDCST CORP,ISU BROADCASTING CORPORATION,COM BDG,(515) 294-5555,999,
14730,DINFS,DINING FOOD STR,ISU DINING-FOOD STORES,0145 FRILEY,(515) 294-3060,080,
12010,ISUFC,ISU FACLTS CORP,ISU FACILITIES CORP,,(515) 294-6218,125,
99340,ISFND,ISU FOUNDATION,ISU FOUNDATION,2505 UNIV BLVD,(515) 294-4607,100,
99220,ISUGI,ISU GENRL INSTR,ISU GENERAL INSTRUCTIONAL AREA,GEN SRV BLD,(515) 294-5600,160,
99210,ISUG,ISU GENRL M/SRV,ISU GENERAL MAINTENANCE & SERVICE,GEN SRV BLD,(515) 294-5600,999,
99230,ISUGS,ISU GENRL USE,ISU GENERAL USE SPACE,GEN SRV BLD,(515) 294-5600,999,
40395,ISUGU,ISU GLBL-UGANDA,ISU GLOBAL-UGANDA,,(515) 294-9237,040,
68110,ISPCE,ISU PAPPAJN CTR,ISU PAPPAJOHN CTR FOR ENTREPRENEURSHIP,2501 N LOOP DR,(515) 296-6532,020,
17610,ISURV,ISU RS FOUNDATN,ISU RESEARCH FOUNDATION,310 LAB MECH,(515) 294-4740,020,
99240,ISUSP,ISU STUDENT PUB,ISU STUDENT PUBLICATIONS--SPACE,GEN SRV BLD,(515) 294-5600,999,
26792,ITACD,IT SERVICES ACD,IT SERVICES ACADEMIC TECHNOLOGIES,291 DURHAM,(515) 294-4000,130,
26793,ITADM,IT SERVICES ADM,IT SERVICES ADMINISTRATIVE SERVICES,291 DURHAM,(515) 294-4000,130,
26794,ITCSV,IT SERVICES CSV,IT SERVICES CUSTOMER SERVICES,291 DURHAM,(515) 294-4000,130,
26795,ITNET,IT SERVICES NET,IT SERVICES NETWORKS & COMMUNICATIONS,291 DURHAM,(515) 294-4000,130,
26791,ITCIO,IT SERVICES CIO,IT SERVICES OFFICE OF CIO,291 DURHAM,(515) 294-0323,130,
26796,ITSEC,IT SERVICES SEC,IT SERVICES SECURITY AND POLICIES,291 DURHAM,(515) 294-4000,130,
26797,ITSYS,IT SERVICES SYS,IT SERVICES SYSTEMS & OPERATIONS,291 DURHAM,(515) 294-4000,130,
26798,ITUIS,IT SERVICES UIS,IT SERVICES UNIVERSITY INFO SYSTEMS,291 DURHAM,(515) 294-4000,130,
04115,ITAL,ITALIAN,ITALIAN,3102 PEARSON,(515) 294-4046,,04110
04345,JL MC,JOURN/MASS COMM,JOURNALISM & MASS COMMUNICATION,101 HAMILTON,(515) 294-4342,,04340
04349,JL PR,JOURN PRESS,JOURNALISM & MASS COMMUNICATION-PRESS,101 HAMILTON,(515) 294-4342,,04340
10700,KIN,KINESIOLOGY,KINESIOLOGY,235 FORKER BLDG,(515) 294-8009,010,
92350,KSC,KINGLND SYSTEMS,KINGLAND SYSTEMS CORPORATION,2901 S LOOP DR STE 3600,(515) 296-0739,999,
99030,KURE,KURE FM RADIO,KURE FM RADIO,1199 FRILEY,(515) 294-1977,999,
17510,L A R,LAB ANIMAL RSRC,LABORATORY ANIMAL RESOURCES,1425 VET MED,(515) 294-8507,020,
07200,L A,LANDSCAPE ARCH,LANDSCAPE ARCHITECTURE,146 DESIGN,(515) 294-5676,007,
04116,LATIN,LATIN,LATIN,3102 PEARSON,(515) 294-4046,,04110
04704,LD ST,LEADER STUDIES,LEADERSHIP STUDIES,202 CATT,(515) 294-3220,,04700
01037,L L S,LEARN/LEAD SCI,LEARNING AND LEADERSHIP SCIENCE,339 SCI 2,(515) 294-0024,,01030
14075,LRNCM,LEARNING COMM,LEARNING COMMUNITIES,,(515) 294-1948,150,
80995,L TM,LEARNING TEAM,LEARNING TEAM,214 ENRL SC,(515) 294-1840,999,
99100,LEASE,LEASE A,LEASE A,GEN SRV BLD,(515) 294-5600,999,
18340,LECT,LECTURES PROG,LECTURES PROGRAM,69 PHYSICS,(515) 294-9934,160,
40050,LPD C,LEOPOLD CENTER,LEOPOLD CENTER,209 CURTISS,(515) 294-3711,040,
01540,LEOP,LEOPOLD,LEOPOLD CTR STAFF,209 CURTISS,(515) 294-7836,001,
04720,LASAS,LBRL ART/SC SAS,LIBERAL ARTS & SCI STUDENT ACADEMIC SRV,202 CATT HALL,(515) 294-4831,004,
04700,LAS,LBRL ART/SC ADM,LIBERAL ARTS & SCIENCES ADMINISTRATION,202 CATT HALL,(515) 294-3220,004,
04680,LASCS,LBRL ART/SC CS,LIBERAL ARTS & SCIENCES CAREER SERVICES,208 CARVER,(515) 294-2542,004,
04000,L A S,LBRL ART/SC,LIBERAL ARTS & SCIENCES COURSES,202 CATT HALL,(515) 294-4729,,04700
04730,LASCD,LBRL ART/SC CDS,LIBERAL ARTS & SCIENCES CROSS DISCPL ST,202 CATT HALL,(515) 294-4729,004,
09010,LIB,LIBRARY,LIBRARY,302 LIBRARY,(515) 294-1442,140,
09011,LIB A,LIBRARY ACCT,LIBRARY ACCOUNTING,105 PARKS LIB,(515) 294-0451,,09010
80310,LING,LINGUISTICS,LINGUISTICS,339 ROSS,(515) 294-7274,,04700
12540,LSS,LOG & SUPPT SRV,LOGISTICS & SUPPORT SERVICES,,(515) 294-5762,125,
08606,LSCM,LOG/SUPPLY MGMT,LOGISTICS/SUPPLY CHAIN MGMT,2340 GERDIN,(515) 294-3659,,08600
08400,MGMT,MANAGEMENT,MANAGEMENT,2350 GERDIN,(515) 294-8110,008,
08201,MIS,MGMT INFO SYS,MANAGEMENT INFORMATION SYSTEMS,,(515) 294-3659,008,
14360,MSCSA,SLOSS CENTER,MARGARET SLOSS CNTR WOMEN/GENDER EQUITY,SLOSS HOUSE,(515) 294-4154,150,
08500,MKT,MARKETING,MARKETING,2350 GERDIN,(515) 294-8110,008,
02021,MAT E,MATERIALS ENG,MATERIALS ENGINEERING,2220 HOOVER,(515) 294-0741,,02020
25070,MPCI,MAT PREP CTR,MATERIALS PREPARATION CENTER,2156 GILMAN,(515) 294-5236,020,
17260,MPC,MTRLS PREP CTR,MATERIALS PREPARATION CTR,2156 GILMAN,(515) 294-5236,020,
02020,M S E,MATERIAL SC/ENG,MATERIALS SCIENCE & ENGINEERING,2220 HOOVER,(515) 294-1214,002,
04090,MATH,MATHEMATICS,MATHEMATICS,400 CARVER,(515) 294-1752,004,
40220,MEPRC,MEAT EXPORT RS,MEAT EXPORT RESEARCH CENTER,194 MEAT LAB,(515) 294-5310,040,
40230,MITC,MEAT IRRAD/TCH,MEAT IRRADIATION TECHNOLOGY CENTER,224B SCIENCE I,(515) 294-4733,040,
01211,MEAT,MEAT LAB,MEAT LABORATORY,194 MEAT LAB,(515) 294-5321,001,
02080,M E,MECHANICAL ENG,MECHANICAL ENGINEERING,2025 BLACK ENGR,(515) 294-1423,002,
14990,MEM U,MEMORIAL UNION,MEMORIAL UNION,MEMORIAL UNION,(515) 292-1111,150,
10108,MERCH,MERCH CERT,MERCHANDISING CERTIFICATE PRGRM,,(515) 294-7474,,10100
92150,MET T,METABOLIC TCH,METABOLIC TECHNOLOGIES,ISU RSRC PARK,(515) 296-9916,999,
04063,MTEOR,METEOROLOGY,METEOROLOGY,253 SCIENCE,(515) 294-4477,,04060
01250,MICRO,MICROBIOLOGY,MICROBIOLOGY,351 BESSEY  I,(515) 294-1741,001,
25100,MRCI,MCROELC RS CTR,MICROELECTRONICS RESEARCH CENTER,133A ASC I,(515) 294-7732,020,
02830,MRC,MICROELEC RSRCH,MICROELECTRONICS RESEARCH CTR,133A ASC 1,(515) 294-7732,002,
25300,MFRCI,FORENS RSRC CTR,MIDWEST FORENSICS RESOURCE CENTER,130 SPED H,(515) 294-2069,020,
17130,MFRC,MIDW FORENSICS,MIDWEST FORENSICS RESOURCE CTR,130 SPED H,(515) 294-2069,020,
01139,MWPS,MIDWEST PLN SRV,MIDWEST PLAN SERVICE,122 DAVIDSON,(515) 294-4337,001,
04100,M S,MILITARY SC,MILITARY SCIENCE & TACTICS,132 ARMORY,(515) 294-1852,004,
80220,MN RS,MINERAL RSCR,MINERAL RESOURCES,256 SCIENCE I,(515) 294-9637,999,
99000,MISCI,MISC INSTITUTL,MISC INSTITUTIONAL FUNDS,3607 ASB,(515) 294-2556,999,
17430,MBB,MOLEC BIOL BLDG,MOLECULAR BIOLOGY BUILDING,1210 MOL BIO,(515) 294-2699,020,
17740,MCDB$,MCDB BUDGET,MOLECULAR CELLULAR & DEVELOP BIOL BUDGET,21 VMRI BLDG 1,(515) 294-6347,020,
80060,MCDB,MCDB,MOLECULAR CELLULAR & DEVELOPMENTAL BIOL,2018 MOL BIO,(515) 294-7252,999,
14500,MSA,MULTIC STDT AFF,MULTICULTURAL STUDENT AFFAIRS,2224 STDS SERV,(515) 294-6338,150,
04120,MUSIC,MUSIC & THEATRE,MUSIC AND THEATRE,149 MUSIC,(515) 294-3831,004,
17060,NVAXI,NANOVAC INST,NANOVACCINE INSTITUTE,,(515) 294-4902,020,
40250,NASAF,NASA FOOD TECH,NASA FOOD TECH COMMERCIAL SPACE CENTER,2559 FOOD SC,(515) 296-5385,040,
99250,NLAE,NATL LAB AG/ENV,NATIONAL LAB FOR AG AND THE ENVIRONMENT,108 NLAE,(515) 294-5723,040,
18290,N M R,NATL MERIT RCRT,NATIONAL MERIT RECRUITMENT,JISCHKE HONORS,(515) 294-0573,160,
14460,NSE,NATL STDT EXCH,NATIONAL STUDENT EXCHANGE,2072 STDS SERV,(515) 294-6479,150,
17210,NSRIC,NAT SWINE RS,NATIONAL SWINE RESEARCH AND INFO CENTER,2610 BDSHR,(515) 294-6344,040,
14820,NCORE,NCORE/ISCORE,NATL CONFERENCE ON RACE/ETHNCITY,,(515) 294-0210,150,
17070,NIAMR,NATL AMR INST,NATL INST OF AMR RESEARCH & EDUCATION,"2901 S LOOP DR, STE 3300",(515) 294-4049,020,
01580,NREM,NAT RES ECL/MGT,NATURAL RESOURCE ECOLOGY AND MANAGEMENT,339 SCI 2,(515) 294-7991,001,
12572,NATUR,NATURE CONNECTS,NATURE CONNECTS,,(515) 294-4412,125,
12571,N O G,NATURE OF GAME,NATURE OF THE GAME,1407 UNIVERSITY BLVD,(515) 294-9012,125,
04220,N S,NAVAL SCIENCE,NAVAL SCIENCE,3C ARMORY,(515) 294-0326,004,
80320,NEURO,NEUROSCIENCES,NEUROSCIENCES,2018 MOL BIO,(515) 294-7252,999,
92260,NLG,NEW LINK GENET,NEW LINK GENETICS,2310 RSRC PARK,(515) 296-5555,999,
92160,N MON,NEW MONICS,NEW MONICS,327 MAIN ST #3,(515) 296-0897,999,
02081,NUC E,NUCLEAR ENGR,NUCLEAR ENGINEERING,2025 BLACK ENGR,(515) 294-7121,,02080
70031,NRS,NURSING,NURSING,,(515) 294-9484,,70030
01361,NRS A,NURSING-AGLS,NURSING-AG & LIFE SCIENCES,,(515) 294-3011,,01360
10602,NRS H,NURSING-FSHN,NURSING-FOOD SCI & HUMAN NUTRITION,,(515) 294-3011,,10600
10610,NWRC,NUT/WELL RES CT,NUTRITION & WELLNESS RESEARCH CENTER,2325 N LOOP DR,(515) 294-9045,010,
80510,NUTRS,NUTRITIONAL SCI,NUTRITIONAL SCIENCES,2312 FOOD SC,(515) 294-5991,999,
19280,OIPTT,INL PROP TECH T,OFC INTELLECTUAL PROPERTY & TECH TRANSFR,310 LAB MECH,(515) 294-4740,100,
17100,ORR,RSPNSBLE RESRCH,OFFICE FOR RESPONSIBLE RESEARCH,"2420 LINCOLN WAY, SUITE 202",(515) 294-1516,020,
17620,OIPTV,OFC INT P/T TRF,OFFICE OF INTELLCTL PROP & TECH TRANSFER,310 LAB MECH,(515) 294-4740,020,
17640,ORI,OFC RESRCH INTG,OFFICE OF RESEARCH INTEGRITY,1138 PEARSON,(515) 294-7793,020,
12330,ORM,OFFICE RISK MGT,OFFICE OF RISK MANAGEMENT,,(515) 294-7711,125,
19480,U SRC,RELATIONS/COMM,OFFICE OF STRATEGIC RELATIONS & COMM,"2420 LINCOLN WAY, SUITE 201",(515) 294-6136,100,
19240,OMBUD,OMBUDS OFFICE,OMBUDS OFFICE,69 PHYSICS,(515) 294-8251,100,
08605,OSCM,OPER/SUPPLY,OPERATIONS/SUPPLY CHAIN MGMT,2340 GERDIN,(515) 294-3659,,08600
80520,OTS,ORG TROPICAL ST,ORGANIZATION FOR TROPICAL STUDIES,109 BESSEY,(515) 294-6518,999,
10507,OLHRD,ORG LEARN HR DV,ORGANIZATIONAL LEARN & HUMAN RESOURCE DV,N131 LAGOMAR,(515) 294-3265,,10300
14400,ORIEN,ORIENTATION,ORIENTATION - NEW STUDENT PROGRAMS,314 ENRL SC,(515) 294-0801,150,
92250,PAL S,PALISADE SYS,PALISADE SYSTEMS,ISU RSRC PARK,(515) 296-5355,999,
12310,PARK,PARKING,PARKING,,(515) 294-3388,125,
10806,PPSI,PREVENTION INST,PARTNERSHIPS IN PREVENTION SCIENCE INST,,(515) 294-5383,010,
12710,PAYRL,PAYROLL OFFICE,PAYROLL OFFICE,,(515) 294-6556,125,
12700,PYACT,PAYROLL/BENEFIT,"PAYROLL, BENEFITS & TAX",,(515) 294-1530,125,
04122,PERF,PERFORM ARTS,PERFORMING ARTS,235 PEARSON,(515) 294-7611,,04120
80100,P M,PEST MANAGEMENT,PEST MANAGEMENT,17 INSECTARY,(515) 294-8044,999,
04332,PHIL,PHILOSOPHY,PHILOSOPHY,402 CATT HALL,(515) 294-7256,,04330
04330,PH RS,PHIL/RELIG ST,PHILOSOPHY & RELIGIOUS STUDIES,402 CATT HALL,(515) 294-7276,004,
04142,PHYS,PHYSICS,PHYSICS,12 PHYSICS,(515) 294-5440,,04140
04140,PHYSA,PHYSICS/ASTRON,PHYSICS & ASTRONOMY,12 PHYSICS,(515) 294-5440,004,
92360,PHYTO,PHYTODYNE,"PHYTODYNE, INC",2901 S LOOP DR,(515) 296-5513,999,
80270,PLBIO,PLANT BIOLOGY,PLANT BIOLOGY,353 BESSEY,(515) 294-0132,999,
01800,PL HP,PLANT HLTH PRT,PLANT HEALTH & PROTECTION,351 BESSEY,(515) 294-1741,,01030
92180,PL IS,PLANT INTRO STN,PLANT INTRODUCTION STATION,G-212 AGRON,(515) 294-3255,999,
01651,PL P,PLANT PATHOLOGY,PLANT PATHOLOGY,351 BESSEY,(515) 294-1741,,01650
01650,PLP M,PL PATH & MICRO,PLANT PATHOLOGY AND MICROBIOLOGY,351 BESSEY,(515) 294-1741,001,
66000,PSI,PLANT SC INST,PLANT SCIENCES INSTITUTE,CARVER CO-LAB,(515) 294-5255,020,
04131,POLSH,POLISH,POLISH,3102 PEARSON,(515) 294-4046,,04110
04320,POL S,POLITICAL SC,POLITICAL SCIENCE,503 ROSS,(515) 294-7256,004,
17180,PCC,PORTLAND CMT CN,PORTLAND CEMENT CONCRETE,2901 S LOOP DR,(515) 294-8103,020,
04114,PORT,PORTUGUESE,PORTUGUESE,3102 PEARSON,(515) 294-4046,,04110
12501,POST,POSTAL & PARCEL,POSTAL & PARCEL SERVICES,,(515) 294-4701,125,
92380,PFILM,POWERFILM,POWERFILM INC,2337 230TH ST,(515) 292-7606,999,
92190,PR SY,PREMISE SYS INC,PREMISE SYSTEMS INC,ISU RSRC PARK,(515) 296-5320,999,
19010,PRES,PRESIDENT,PRESIDENT,1750 BDSHR,(515) 294-2042,100,
12560,PRINT,PRINT/COPY SRVS,PRINTING AND COPY SERVICES,,(515) 294-3601,125,
92300,PROPL,PRO PLANNER,PRO PLANNER,175 EAI,(515) 296-7526,999,
12230,PROC,PROCUREMENT,PROCUREMENT SERVICES,,(515) 294-8757,125,
80150,PROAG,PROFESSIONAL AG,PROFESSIONAL AGRICULTURE,217 CURTISS,(515) 294-1862,999,
18330,WISE,WISE,PROG FOR WOMEN IN SCIENCE & ENGR,218 CARVER,(515) 294-0966,160,
18490,VPIEF,SVPP IEF,PROVOST-INSTITUTIONAL EXCELLENCE FUND,2550 BDSHR,(515) 294-5884,160,
04150,PSYCH,PSYCHOLOGY,PSYCHOLOGY,W112 LAGOMAR,(515) 294-1742,004,
04346,P R,PUBLIC RELATION,PUBLIC RELATIONS,101 HAMILTON,(515) 294-4342,,04340
12300,P SAF,PUBLIC SAFETY,PUBLIC SAFETY,,(515) 294-4428,125,
12210,RCVBL,RECEIVABLES,RECEIVABLES OFFICE,,(515) 294-8748,125,
14030,REC,RECORDS & REG,RECORDS & REGISTRATION,214 ENRL SC,(515) 294-1840,150,
14350,REC S,RECREATION SRV,RECREATION SERVICES,2220 STATE GYM,(515) 294-4980,080,
80994,REGDE,REG DSTCE ED EX,REGENTS DISTANCE EDUCATION EXCHANGE,214 ENRL SC,(515) 294-1840,999,
80999,REGEX,INTDSC PRG MISC,REGENTS EXCHANGE PROGRAM,214 ENRL SC,(515) 294-0762,999,
12570,REIM,REIMAN GARDENS,REIMAN GARDENS,1407 UNIVERSITY BLVD,(515) 294-2710,125,
04331,RELIG,RELIGIOUS ST,RELIGIOUS STUDIES,402 CATT HALL,(515) 294-2566,,04330
80996,REQ R,REQUIRED REG,REQUIRED REGISTRATION,214 ENRL SC,(515) 294-1840,999,
10505,RESEV,RESEARCH/EVAL,RESEARCH & EVALUATION,N131 LAGOMAR,(515) 294-3265,,10300
20200,R F S,RS FAC/SRV ERI,RESEARCH FACILITIES & SERVICES - ENG RI,232B ERI BLDG,(515) 294-5935,,02700
28020,RISE,RISE,RESEARCH INSTITUTE FOR STUDIES IN EDUC,E262 LAGOMAR,(515) 294-0211,010,
40751,RSS,RS SPPT SRV AG,RESEARCH SUPPORT SERVICES-AGRICULTURE,32 CURTISS,(515) 294-4620,040,
14700,RES H,RESIDENCE HALLS,RESIDENCE HALLS,0347 HELSER,(515) 294-5636,080,
14710,RES L,RESIDENCE LIFE,RESIDENCE LIFE,1208 FRILEY,(515) 294-5636,080,
14450,RETEN,RETENTION PRG,RETENTION PROGRAMS,2072 STDS SERV,(515) 294-6479,150,
99999,RMMSU,RMM SUSPENSE,RMM SUSPENSE,3607 ASB,(515) 294-2556,999,
04113,RUS,RUSSIAN,RUSSIAN,3102 PEARSON,(515) 294-4046,,04110
10506,SIM,SCHOOL IMP MODL,SCHOOL IMPROVEMENT MODEL,N229D LAGOMAR,(515) 294-5521,,10300
10300,SOE,SCHOOL OF ED,SCHOOL OF EDUCATION,N131 LAGOMAR,(515) 294-3265,010,
40160,SSCXP,SEED SC CTR XP,SEED SCIENCE CENTER - EXPERIMENT STATION,102 SEED SCI,(515) 294-6821,040,
30630,SSCXT,SEED SC CTR XT,SEED SCIENCE CENTER - EXTENSION,102 SEED SCI,(515) 294-6821,030,
80501,STB,SEED TECH & BUS,SEED TECHNOLOGY AND BUSINESS,152 SEED,(515) 294-8745,999,
18000,SVPP,SR VP/PROVOST,SENIOR VICE PRESIDENT & PROVOST,1550 BDSHR,(515) 294-9591,160,
18750,SVPRC,SVPP RRC,SENIOR VP & PROVOST-RRC,2550 BDSHR,(515) 294-5884,160,
04133,SERBC,SERBO-CROATIAN,SERBO-CROATIAN,3102 PEARSON,(515) 294-4046,,04110
08650,SBDC,SM BUS DV CTR,SMALL BUSINESS DEVELOPMENT CENTER,,(515) 294-2030,008,
70040,SOC,SOCIOLOGY,SOCIOLOGY,103 EAST HALL,(515) 294-6480,999,
01730,SOC A,SOCIOLOGY-AGLS,SOCIOLOGY - AGLS,103 EAST HALL,(515) 294-6480,001,
04230,SOC S,SOCIOLOGY-LAS,SOCIOLOGY - LAS,103 EAST HALL,(515) 294-6480,004,
80400,S E,SOFTWARE ENGR,SOFTWARE ENGINEERING,2149 COOVER,(515) 294-8307,999,
99200,SP UN,SPACE UNALLOC,SPACE UNALLOCATED,GEN SRV BLD,(515) 294-5600,999,
04117,SPAN,SPANISH,SPANISH,3102 PEARSON,(515) 294-4046,,04110
10201,SP ED,SPECIAL ED,SPECIAL EDUCATION,N131 LAGOMAR,(515) 294-3265,,10300
12500,SBSCA,BUS SERV/ARTS,SPECIALTY BUSINESS SERV & CULTURAL ARTS,,(515) 294-4701,125,
04051,SP CM,SPEECH COMM,SPEECH COMMUNICATION,203 ROSS,(515) 294-2180,,04050
12225,S P A,SPON PRG ACCTG,SPONSORED PROGRAMS ACCOUNTING,,(515) 294-4569,125,
17450,S P,SPONSORED PRG,SPONSORED PROGRAMS ADMINISTRATION,1138 PEARSON,(515) 294-5225,020,
99320,S AUD,STATE AUDITORS,STATE AUDITORS,3612 ASB 1ST FL,(515) 294-8282,999,
99280,STFOR,STATE FOR NURS,STATE FORESTRY NURSERY,2404 S. DUFF,(515) 233-1161,999,
22000,STATL,STATISTICAL LAB,STATISTICAL LABORATORY,1121 SNEDECOR,(515) 294-3440,020,
04190,STAT,STATISTICS,STATISTICS,1121 SNEDECOR,(515) 294-3440,004,
01190,STATA,STAT CALS,STATISTICS CALS,1121 SNEDECOR,(515) 294-3440,001,
99390,SCMC,STORY CO MED CT,STORY CO MEDICAL CENTER,519 F AVENUE,(515) 382-7721,999,
99360,SCOFM,STORY CO FACLTS,STORY COUNTY FACILITIES MGMT,900 SIXTH ST,(515) 382-7402,999,
99370,SCOJL,STORY CO JAIL,STORY COUNTY JAIL,1315 S. B AVE,(515) 382-7464,999,
14320,S A C,STDT ACT CTR,STUDENT ACTIVITIES CENTER,1560 MEM UNION,(515) 294-8081,150,
14720,S APT,STDT APT ADM,STUDENT APARTMENT ADMINISTRATION,100 UNIV VILL,(515) 294-5360,080,
14230,COUNS,COUNSELING SRV,STUDENT COUNSELING SERVICE,2223 STDS SERV,(515) 294-5056,150,
14110,SFINA,STDT FIN AID,STUDENT FINANCIAL AID,0680 BDSHR,(515) 294-2223,150,
14800,ST HL,STDT HEALTH CTR,STUDENT HEALTH CENTER,STDT HLTH,(515) 294-5801,080,
14220,SSSP,STDT SPPT SRV,STUDENT SUPPORT SERVICES PROGRAM,2010 STDS SERV,(515) 294-0210,150,
14805,WLNSS,STUDENT WELLNES,STUDENT WELLNESS,,(515) 294-1099,150,
18400,SAC,STUDY ABROAD CT,STUDY ABROAD CENTER,3224 MEM UNION,(515) 294-6792,160,
14790,SAVP,SUBSTANCE ABUSE,SUBSTANCE ABUSE & VIOLENCE PREVENTION,3034A STDS SERV,(515) 294-0154,150,
08600,SCM,SUPPLY CHN MGMT,SUPPLY CHAIN MANAGEMENT,2340 GERDIN,(515) 294-3659,008,
12110,SUSTN,SUSTAINABILITY,SUSTAINABILITY OFFICE,,(515) 294-8785,110,
01133,SUSAG,SUSTAINABLE AG,SUSTAINABLE AGRICULTURE,110 CURTISS,(515) 294-1434,,01130
07702,SUS E,SUSTBLE ENV,SUSTAINABLE ENVIRONMENTS,146 DESIGN,(515) 294-5676,,07700
12000,OPFIN,SVP OPS & FIN,SVP FOR OPERATIONS & FINANCE,,(515) 294-1530,125,
12030,SVPOF,SVP OPS/FIN-OPS,SVP FOR OPERATIONS & FINANCE-OPERATIONS,,(515) 294-1530,125,
05110,SMEC,SWINE MED ED CR,SWINE MEDICINE EDUCATION CENTER,2412 LLOYD,(515) 294-7692,005,
02110,SYS E,SYSTEMS ENG,SYSTEMS ENGINEERING,104 MARSTON,(515) 294-5933,,02700
10940,T ED,TEACHER ED,TEACHER EDUCATION,133 MCKAY,(515) 296-8837,010,
80370,TESOL,TCH ENGL SEC LN,TEACHING ENGLISH AS SECOND LANGUAGE,203 ROSS,(515) 294-2180,999,
80110,T SC,TCH/SOC CHANGE,TECHNOLOGY & SOCIAL CHANGE,204 HAMILTON,(515) 294-0492,999,
01137,TSM,TECH SYS MGMT,TECHNOLOGY SYSTEMS MANAGEMENT,214D DAVID,(515) 294-4131,,01130
10103,T C,TEXTILES/CLTHG,TEXTILES & CLOTHING,31 MACKAY,(515) 294-7474,,10100
04121,THTRE,THEATER,THEATER,235 PEARSON,(515) 294-7611,,04120
80080,TOX,TOXICOLOGY,TOXICOLOGY,2102 MOL BIO,(515) 294-3396,999,
19110,TRDMK,TRADEMARK,TRADEMARK OFFCE,,(515) 294-4402,100,
80170,TRANS,TRANS PLANNING,TRANSPORTATION PLANNING,2625 N LOOP DR,(515) 294-8103,999,
12580,TRAN,TRANSPORT SRVCS,TRANSPORTATION SERVICES,,(515) 294-3414,125,
12240,TREAS,TREASURER,TREASURER,,(515) 294-4363,125,
80250,US LS,US LATINO/A ST,U.S. LATINO/A STUDIES,208 CARVER,(515) 294-9730,,04700
80000,UNDEC,UNDECLARED,UNDECLARED,10 PEARSON,(515) 294-6344,999,
80020,UDIST,UNDECL DIST ED,UNDECLARED DISTANCE EDUCATION,2206 PEARSON,(515) 294-1170,999,
80910,UNDTR,UNDCLRD TRANSIT,UNDECLARED TRANSITIONAL,1137 PEARSON,(515) 294-2682,999,
19070,UHR,U HUMAN RESOURC,UNIV HUMAN RESOURCES,3750 BDSHR,(515) 294-6458,100,
19100,U CSL,UNIV COUNSEL,UNIVERSITY COUNSEL,3550 BDSHR,(515) 294-5352,100,
31030,U EXT,UNIV EXT ADM,UNIVERSITY EXTENSION,2150 BDSHR,(515) 294-6192,030,
19485,U MKT,UNIV MARKETING,UNIVERSITY MARKETING & PROMOTIONS,,(515) 294-9624,100,
12550,U MSM,UNIV MUSEUMS,UNIVERSITY MUSEUMS,,(515) 294-3342,125,
80050,U ST,UNIVERSITY ST,UNIVERSITY STUDIES,2550 BDSHR,(515) 294-6365,999,
14121,UB,UPWARD BOUND,UPWARD BOUND,0113 STD SER,(515) 294-3354,150,
07703,URB D,URBAN DESIGN,URBAN DESIGN,295 DESIGN,(515) 294-0816,007,
99300,USDA,USDA,USDA - SPACE,GEN SRV BLD,(515) 294-5600,999,
12120,UTIL,UTILITIES FPM,UTILITIES ENTERPRISE-FPM,,(515) 294-4926,110,
12590,VEENK,VEENKER GOLF,VEENKER MEMORIAL GOLF COURSE,,(515) 294-3126,125,
05040,VDPAM,VET DIAG/PROD,VET DIAGNOSTIC & PRODUCTION ANIMAL MED,2412 LLOYD,(515) 294-3837,005,
05030,V MPM,VET MIC/PRV MED,VET MICROBIOLOGY & PREVENTIVE MEDICINE,2178 VET MED,(515) 294-5776,005,
05701,V C F,VET ADM CTR FAC,VETERINARY ADMIN CENTRAL FACILITIES,2506 VET MED,(515) 294-1242,,05700
05100,V C S,VET CLINICAL SC,VETERINARY CLINICAL SCIENCES,1832 VET MED,(515) 294-4900,005,
23290,V D L,VET DIAG LAB,VETERINARY DIAGNOSTIC LABORATORY,2630 VET MED,(515) 294-1950,005,
05150,VMC,VET MEDICAL CTR,VETERINARY MEDICAL CENTER,1835 VET MED,(515) 294-4900,005,
23100,VMRI,VET MED RI,VETERINARY MEDICAL RESEARCH INSTITUTE,2182 VET MED,(515) 294-7645,005,
05700,V MED,VET MED ADM,VETERINARY MEDICINE ADMINISTRATION,2506 VET MED,(515) 294-1242,005,
05000,V-MED,VET MED,VETERINARY MEDICINE COURSES,2506 VET MED,(515) 294-1242,,05700
40850,VM XP,VET MED EXP ST,VETERINARY MEDICINE EXPERIMENT STATION,2506 VET MED,(515) 294-1242,040,
30850,VM XT,VET MED EXT,VETERINARY MEDICINE EXTENSION,2512 VET MED,(515) 294-2539,030,
05060,V PTH,VET PATHOLOGY,VETERINARY PATHOLOGY,2764 VET MED,(515) 294-3282,005,
14060,VPSAR,VPSA-RRC,VICE PRES FOR STUDENT AFFAIRS-RRC,2350 BDSHR,(515) 294-1909,080,
30030,VPEO,VP EXT & OUTRCH,VICE PRESIDENT EXTENSION AND OUTREACH,2280 BDSHR,(515) 294-2940,030,
19200,VPDI,VP DVRSTY/INCLN,VICE PRESIDENT FOR DIVERSITY & INCLUSION,2680 BDSHR,(515) 294-8775,100,
17440,VPR,VP RESEARCH,VICE PRESIDENT FOR RESEARCH,2610 BDSHR,(515) 294-6344,020,
14010,VPSA,VP STDT AFFAIRS,VICE PRESIDENT STUDENT AFFAIRS,2350 BDSHR,(515) 294-4420,150,
17160,VRAC,VRTL RLTY APP C,VIRTUAL REALITY APPLICATIONS CTR,1620 HOWE HALL,(515) 294-3092,020,
14900,SA AR,STU AFF ASSESSM,VP STUDENT AFFAIRS ASSESSMENT & RESEARCH,314 ENRL SC,(515) 294-2232,150,
80010,W RES,WATER RESOURCES,WATER RESOURCES GRADUATE PROGRAM,2810 BDSHR,(515) 294-6344,999,
17150,WRRI,WATER RSRC INST,WATER RESOURCES RESEARCH INSTITUTE,1240 NSRIC,(515) 294-8921,020,
80530,WESEP,WIND ENERGY SCI,WIND ENERGY SCIENCE ENRG & POLICY,1130 COOVER,(515) 294-8057,002,
12520,WOI,WOI RADIO,WOI RADIO,,(515) 294-2025,125,
80540,WGS,WMN & GNDR STDS,WOMENS AND GENDER STUDIES,,(515) 294-9283,004,
80130,W S,WOMEN'S STUDIES,WOMENS STUDIES,349 CATT HALL,(515) 294-9730,004,
04124,WFS,WORLD FILM ST,WORLD FILM STUDIES,,,,04120
18100,W F I,WORLD FOOD INST,WORLD FOOD INSTITUTE,1550 BDSHR,(515) 294-6344,160,
04110,WLC,WORLD LANG/CULT,WORLD LANGUAGES AND CULTURES,3102 PEARSON,(515) 294-4046,004,
04130,WLC1,WORLD LANG/CUL1,WORLD LANGUAGES AND CULTURES (POL/CZECH),3102 PEARSON,(515) 294-4046,,04110
99060,YMCA,YMCA,YMCA,109 LAB MECH,(515) 294-2276,150,
30930,YOUTH,YOUTH & 4H,YOUTH & 4H,EXT 4-H,(515) 294-1018,030,
10804,YTH,YOUTH,YOUTH DEVELOPMENT COURSES,2330 PALMER,(515) 294-6316,,10800
99050,YWCA,YWCA,YWCA,210 L MECH,(515) 294-1663,150,
04181,ZOOL,ZOOLOGY,ZOOLOGY,1210 MOL BIO,(515) 294-0320,,04700
70050,ZL GN,ZOOL/GEN,ZOOLOGY & GENETICS,1210 MOL BIO,(515) 294-0320,999,
01510,ZLGNA,ZOOL/GEN-AG,ZOOLOGY & GENETICS - AG,353 BESSEY,(515) 294-0134,001,
,,,,,,,
